Id,Category
0,11
1,13
2,11
3,10
4,10
5,3
6,3
7,11
8,10
9,6
10,11
11,12
12,0
13,11
14,1
15,10
16,10
17,11
18,10
19,11
20,6
21,13
22,1
23,4
24,12
25,6
26,1
27,7
28,10
29,4
30,5
31,13
32,6
33,10
34,13
35,13
36,3
37,3
38,3
39,8
40,10
41,12
42,11
43,8
44,4
45,13
46,4
47,0
48,12
49,7
50,7
51,9
52,8
53,3
54,11
55,1
56,4
57,4
58,3
59,5
60,4
61,4
62,8
63,7
64,3
65,0
66,8
67,4
68,11
69,12
70,4
71,13
72,4
73,12
74,5
75,11
76,8
77,3
78,1
79,4
80,4
81,6
82,1
83,10
84,2
85,12
86,5
87,4
88,3
89,1
90,8
91,1
92,10
93,0
94,12
95,3
96,3
97,8
98,3
99,8
100,11
101,11
102,6
103,11
104,11
105,3
106,10
107,11
108,10
109,4
110,10
111,10
112,12
113,10
114,11
115,12
116,11
117,3
118,10
119,11
120,10
121,13
122,4
123,1
124,4
125,3
126,12
127,4
128,8
129,8
130,0
131,11
132,4
133,11
134,4
135,1
136,11
137,13
138,4
139,10
140,10
141,7
142,3
143,3
144,3
145,13
146,9
147,6
148,13
149,11
150,4
151,10
152,11
153,6
154,10
155,2
156,4
157,1
158,11
159,0
160,4
161,5
162,8
163,11
164,8
165,3
166,11
167,3
168,8
169,8
170,10
171,4
172,8
173,13
174,11
175,4
176,0
177,2
178,12
179,0
180,9
181,11
182,9
183,13
184,7
185,8
186,5
187,7
188,4
189,3
190,10
191,10
192,2
193,13
194,7
195,3
196,11
197,10
198,10
199,4
200,0
201,11
202,2
203,13
204,4
205,1
206,3
207,11
208,4
209,10
210,4
211,8
212,0
213,9
214,8
215,9
216,5
217,7
218,1
219,3
220,3
221,0
222,10
223,6
224,4
225,2
226,13
227,11
228,11
229,3
230,11
231,11
232,3
233,4
234,3
235,3
236,3
237,3
238,8
239,7
240,10
241,10
242,1
243,2
244,8
245,12
246,11
247,13
248,3
249,3
250,10
251,10
252,11
253,10
254,4
255,10
256,9
257,3
258,8
259,10
260,0
261,1
262,11
263,13
264,4
265,1
266,4
267,8
268,12
269,8
270,3
271,3
272,10
273,10
274,10
275,6
276,10
277,13
278,10
279,12
280,12
281,7
282,8
283,2
284,4
285,3
286,9
287,7
288,9
289,3
290,6
291,0
292,4
293,10
294,4
295,10
296,10
297,6
298,3
299,4
300,13
301,11
302,11
303,8
304,11
305,11
306,3
307,4
308,3
309,10
310,1
311,12
312,7
313,12
314,4
315,13
316,4
317,8
318,1
319,9
320,9
321,3
322,8
323,0
324,7
325,8
326,10
327,13
328,4
329,8
330,11
331,10
332,4
333,7
334,10
335,13
336,10
337,13
338,9
339,4
340,11
341,10
342,10
343,3
344,13
345,7
346,13
347,4
348,11
349,6
350,10
351,12
352,10
353,10
354,3
355,0
356,8
357,0
358,11
359,8
360,10
361,6
362,8
363,12
364,3
365,2
366,9
367,10
368,3
369,10
370,10
371,4
372,2
373,3
374,11
375,12
376,8
377,10
378,10
379,10
380,10
381,5
382,11
383,7
384,10
385,8
386,10
387,0
388,11
389,3
390,3
391,11
392,3
393,11
394,6
395,6
396,1
397,6
398,13
399,10
400,11
401,8
402,10
403,0
404,4
405,6
406,2
407,3
408,13
409,4
410,2
411,10
412,10
413,13
414,6
415,11
416,11
417,13
418,3
419,4
420,3
421,8
422,12
423,8
424,10
425,2
426,10
427,13
428,2
429,12
430,4
431,5
432,9
433,10
434,11
435,11
436,1
437,1
438,11
439,10
440,4
441,0
442,13
443,4
444,1
445,2
446,10
447,10
448,4
449,3
450,4
451,10
452,11
453,9
454,9
455,8
456,10
457,9
458,10
459,10
460,0
461,13
462,4
463,8
464,10
465,8
466,5
467,10
468,11
469,0
470,0
471,1
472,8
473,7
474,10
475,10
476,11
477,13
478,1
479,13
480,10
481,9
482,12
483,11
484,10
485,10
486,12
487,10
488,1
489,9
490,9
491,4
492,7
493,4
494,6
495,12
496,4
497,3
498,4
499,8
500,7
501,4
502,5
503,1
504,10
505,8
506,11
507,11
508,4
509,4
510,10
511,11
512,4
513,13
514,5
515,10
516,8
517,10
518,9
519,8
520,12
521,12
522,0
523,11
524,4
525,7
526,9
527,10
528,12
529,11
530,13
531,11
532,13
533,12
534,8
535,10
536,10
537,13
538,10
539,8
540,11
541,4
542,4
543,1
544,10
545,1
546,3
547,3
548,11
549,7
550,3
551,3
552,13
553,10
554,10
555,1
556,7
557,8
558,8
559,1
560,13
561,10
562,1
563,1
564,11
565,13
566,0
567,12
568,1
569,11
570,3
571,10
572,3
573,5
574,4
575,12
576,11
577,6
578,12
579,11
580,4
581,13
582,0
583,7
584,1
585,8
586,10
587,7
588,3
589,10
590,11
591,9
592,13
593,9
594,1
595,13
596,12
597,11
598,4
599,0
600,0
601,3
602,3
603,13
604,11
605,0
606,4
607,11
608,13
609,10
610,10
611,3
612,10
613,6
614,13
615,10
616,7
617,8
618,12
619,11
620,10
621,8
622,11
623,3
624,11
625,8
626,12
627,0
628,7
629,10
630,10
631,2
632,10
633,8
634,8
635,5
636,11
637,1
638,5
639,8
640,0
641,3
642,12
643,0
644,8
645,8
646,10
647,10
648,4
649,10
650,11
651,11
652,8
653,13
654,0
655,8
656,11
657,1
658,12
659,10
660,10
661,3
662,10
663,10
664,11
665,11
666,3
667,4
668,4
669,4
670,7
671,13
672,3
673,12
674,3
675,4
676,10
677,10
678,4
679,11
680,4
681,4
682,8
683,10
684,6
685,8
686,3
687,4
688,9
689,1
690,10
691,8
692,4
693,2
694,1
695,0
696,11
697,13
698,11
699,12
700,10
701,9
702,11
703,1
704,4
705,11
706,3
707,11
708,8
709,4
710,4
711,12
712,10
713,3
714,6
715,13
716,10
717,3
718,9
719,9
720,11
721,11
722,8
723,8
724,3
725,12
726,4
727,11
728,3
729,11
730,13
731,9
732,12
733,12
734,3
735,11
736,11
737,10
738,2
739,4
740,3
741,13
742,4
743,13
744,13
745,11
746,10
747,7
748,6
749,10
750,8
751,4
752,9
753,10
754,10
755,11
756,1
757,4
758,4
759,7
760,10
761,8
762,10
763,10
764,10
765,13
766,11
767,1
768,4
769,5
770,10
771,13
772,4
773,12
774,1
775,1
776,8
777,3
778,10
779,12
780,13
781,1
782,8
783,5
784,3
785,8
786,0
787,11
788,12
789,7
790,13
791,10
792,4
793,0
794,13
795,7
796,2
797,8
798,13
799,3
800,4
801,13
802,11
803,4
804,13
805,3
806,13
807,12
808,10
809,1
810,10
811,8
812,4
813,10
814,13
815,11
816,7
817,1
818,10
819,12
820,8
821,13
822,10
823,7
824,8
825,11
826,3
827,4
828,11
829,1
830,13
831,10
832,13
833,2
834,4
835,3
836,13
837,11
838,11
839,11
840,10
841,9
842,3
843,10
844,9
845,4
846,7
847,11
848,9
849,4
850,11
851,7
852,3
853,11
854,7
855,13
856,3
857,3
858,10
859,4
860,1
861,6
862,9
863,12
864,1
865,4
866,11
867,7
868,7
869,11
870,1
871,8
872,6
873,1
874,12
875,3
876,1
877,9
878,9
879,8
880,10
881,4
882,4
883,7
884,10
885,7
886,13
887,8
888,1
889,11
890,12
891,4
892,4
893,10
894,7
895,3
896,11
897,2
898,1
899,8
900,3
901,11
902,3
903,10
904,13
905,8
906,9
907,4
908,11
909,10
910,12
911,9
912,9
913,0
914,12
915,10
916,11
917,12
918,12
919,12
920,7
921,4
922,13
923,8
924,13
925,2
926,13
927,2
928,3
929,10
930,11
931,10
932,7
933,4
934,13
935,4
936,1
937,7
938,0
939,4
940,11
941,4
942,1
943,13
944,7
945,13
946,4
947,3
948,2
949,4
950,4
951,13
952,12
953,4
954,4
955,9
956,3
957,4
958,8
959,10
960,9
961,4
962,4
963,4
964,8
965,13
966,8
967,8
968,10
969,11
970,6
971,7
972,11
973,11
974,3
975,3
976,4
977,4
978,11
979,10
980,3
981,0
982,1
983,11
984,4
985,12
986,8
987,10
988,12
989,8
990,11
991,8
992,11
993,11
994,12
995,10
996,10
997,10
998,1
999,3
1000,10
1001,1
1002,4
1003,4
1004,8
1005,10
1006,8
1007,7
1008,12
1009,9
1010,4
1011,5
1012,11
1013,3
1014,1
1015,0
1016,0
1017,3
1018,11
1019,9
1020,7
1021,12
1022,10
1023,4
1024,4
1025,4
1026,10
1027,8
1028,6
1029,7
1030,12
1031,7
1032,11
1033,10
1034,12
1035,8
1036,6
1037,9
1038,11
1039,0
1040,8
1041,6
1042,4
1043,12
1044,4
1045,13
1046,12
1047,10
1048,8
1049,12
1050,2
1051,3
1052,7
1053,12
1054,12
1055,10
1056,4
1057,3
1058,3
1059,7
1060,4
1061,13
1062,11
1063,11
1064,12
1065,3
1066,10
1067,12
1068,8
1069,4
1070,4
1071,3
1072,3
1073,9
1074,4
1075,4
1076,4
1077,10
1078,11
1079,1
1080,1
1081,3
1082,12
1083,12
1084,4
1085,11
1086,12
1087,11
1088,4
1089,0
1090,7
1091,10
1092,12
1093,1
1094,3
1095,1
1096,13
1097,10
1098,1
1099,8
1100,10
1101,3
1102,10
1103,8
1104,7
1105,8
1106,3
1107,3
1108,2
1109,11
1110,3
1111,4
1112,1
1113,1
1114,9
1115,9
1116,3
1117,3
1118,11
1119,10
1120,10
1121,5
1122,11
1123,9
1124,1
1125,10
1126,10
1127,10
1128,4
1129,6
1130,13
1131,11
1132,10
1133,4
1134,8
1135,4
1136,9
1137,4
1138,1
1139,4
1140,10
1141,9
1142,13
1143,7
1144,6
1145,4
1146,7
1147,4
1148,10
1149,3
1150,3
1151,10
1152,6
1153,0
1154,10
1155,0
1156,10
1157,4
1158,5
1159,11
1160,10
1161,13
1162,3
1163,8
1164,3
1165,10
1166,4
1167,9
1168,8
1169,10
1170,3
1171,10
1172,11
1173,9
1174,5
1175,10
1176,10
1177,12
1178,10
1179,13
1180,13
1181,4
1182,9
1183,11
1184,4
1185,8
1186,8
1187,8
1188,13
1189,12
1190,7
1191,3
1192,8
1193,4
1194,12
1195,5
1196,2
1197,8
1198,12
1199,5
1200,3
1201,11
1202,11
1203,8
1204,12
1205,13
1206,12
1207,10
1208,3
1209,8
1210,10
1211,5
1212,13
1213,4
1214,8
1215,6
1216,8
1217,13
1218,4
1219,12
1220,13
1221,1
1222,13
1223,9
1224,4
1225,13
1226,7
1227,12
1228,6
1229,9
1230,9
1231,4
1232,5
1233,11
1234,4
1235,10
1236,4
1237,13
1238,12
1239,2
1240,10
1241,8
1242,10
1243,3
1244,6
1245,7
1246,4
1247,11
1248,5
1249,2
1250,4
1251,10
1252,10
1253,12
1254,12
1255,3
1256,11
1257,11
1258,11
1259,3
1260,3
1261,11
1262,6
1263,9
1264,3
1265,4
1266,11
1267,8
1268,13
1269,11
1270,13
1271,5
1272,1
1273,11
1274,8
1275,8
1276,4
1277,3
1278,4
1279,4
1280,11
1281,10
1282,3
1283,13
1284,1
1285,3
1286,10
1287,10
1288,11
1289,0
1290,0
1291,0
1292,11
1293,0
1294,11
1295,11
1296,13
1297,11
1298,4
1299,11
1300,11
1301,10
1302,12
1303,7
1304,10
1305,2
1306,4
1307,6
1308,1
1309,8
1310,0
1311,3
1312,1
1313,11
1314,3
1315,13
1316,4
1317,11
1318,12
1319,1
1320,11
1321,13
1322,11
1323,10
1324,11
1325,10
1326,10
1327,8
1328,8
1329,10
1330,13
1331,12
1332,12
1333,10
1334,10
1335,0
1336,4
1337,9
1338,4
1339,6
1340,10
1341,12
1342,11
1343,2
1344,11
1345,8
1346,10
1347,10
1348,0
1349,0
1350,10
1351,10
1352,4
1353,11
1354,11
1355,4
1356,3
1357,7
1358,4
1359,7
1360,10
1361,8
1362,10
1363,1
1364,4
1365,4
1366,10
1367,4
1368,11
1369,7
1370,8
1371,11
1372,13
1373,10
1374,11
1375,7
1376,8
1377,9
1378,4
1379,10
1380,11
1381,13
1382,10
1383,11
1384,8
1385,3
1386,3
1387,10
1388,3
1389,8
1390,13
1391,3
1392,3
1393,13
1394,12
1395,4
1396,13
1397,3
1398,6
1399,8
1400,11
1401,13
1402,9
1403,13
1404,11
1405,0
1406,4
1407,3
1408,3
1409,4
1410,1
1411,10
1412,7
1413,11
1414,11
1415,6
1416,11
1417,8
1418,13
1419,9
1420,4
1421,4
1422,12
1423,8
1424,12
1425,11
1426,8
1427,10
1428,11
1429,4
1430,1
1431,11
1432,1
1433,8
1434,10
1435,8
1436,10
1437,9
1438,12
1439,4
1440,1
1441,10
1442,5
1443,3
1444,4
1445,11
1446,1
1447,11
1448,10
1449,11
1450,10
1451,8
1452,4
1453,0
1454,11
1455,11
1456,10
1457,4
1458,7
1459,12
1460,3
1461,4
1462,8
1463,10
1464,3
1465,13
1466,4
1467,0
1468,8
1469,6
1470,4
1471,6
1472,4
1473,12
1474,4
1475,6
1476,13
1477,4
1478,3
1479,7
1480,4
1481,6
1482,3
1483,12
1484,13
1485,12
1486,10
1487,11
1488,11
1489,9
1490,10
1491,7
1492,4
1493,5
1494,4
1495,4
1496,10
1497,13
1498,3
1499,10
1500,10
1501,11
1502,7
1503,10
1504,4
1505,3
1506,11
1507,0
1508,10
1509,4
1510,12
1511,0
1512,3
1513,0
1514,8
1515,4
1516,4
1517,4
1518,11
1519,11
1520,4
1521,4
1522,9
1523,9
1524,8
1525,9
1526,3
1527,11
1528,4
1529,10
1530,13
1531,4
1532,3
1533,3
1534,8
1535,7
1536,4
1537,11
1538,7
1539,3
1540,11
1541,11
1542,12
1543,0
1544,1
1545,3
1546,13
1547,4
1548,8
1549,7
1550,4
1551,4
1552,3
1553,3
1554,13
1555,12
1556,11
1557,4
1558,8
1559,10
1560,12
1561,5
1562,0
1563,11
1564,2
1565,13
1566,10
1567,4
1568,8
1569,8
1570,4
1571,3
1572,3
1573,11
1574,10
1575,1
1576,10
1577,6
1578,7
1579,11
1580,4
1581,7
1582,13
1583,11
1584,1
1585,4
1586,12
1587,7
1588,8
1589,4
1590,3
1591,11
1592,11
1593,6
1594,13
1595,7
1596,10
1597,12
1598,13
1599,13
1600,12
1601,5
1602,9
1603,6
1604,3
1605,3
1606,11
1607,4
1608,3
1609,4
1610,10
1611,6
1612,11
1613,8
1614,11
1615,12
1616,11
1617,4
1618,4
1619,3
1620,0
1621,8
1622,12
1623,7
1624,1
1625,13
1626,12
1627,4
1628,7
1629,4
1630,10
1631,6
1632,10
1633,11
1634,3
1635,3
1636,4
1637,4
1638,6
1639,13
1640,4
1641,3
1642,4
1643,13
1644,11
1645,4
1646,7
1647,4
1648,13
1649,8
1650,12
1651,4
1652,4
1653,4
1654,11
1655,12
1656,9
1657,13
1658,8
1659,10
1660,13
1661,13
1662,0
1663,3
1664,0
1665,7
1666,13
1667,10
1668,4
1669,2
1670,4
1671,3
1672,11
1673,8
1674,6
1675,13
1676,3
1677,13
1678,8
1679,9
1680,1
1681,11
1682,1
1683,10
1684,13
1685,8
1686,10
1687,4
1688,7
1689,3
1690,9
1691,3
1692,10
1693,4
1694,4
1695,13
1696,8
1697,2
1698,9
1699,11
1700,8
1701,10
1702,0
1703,9
1704,11
1705,7
1706,12
1707,4
1708,13
1709,4
1710,10
1711,4
1712,13
1713,1
1714,9
1715,8
1716,4
1717,1
1718,11
1719,4
1720,10
1721,1
1722,7
1723,11
1724,13
1725,3
1726,7
1727,8
1728,12
1729,7
1730,11
1731,4
1732,4
1733,1
1734,10
1735,1
1736,10
1737,12
1738,12
1739,4
1740,4
1741,8
1742,6
1743,13
1744,4
1745,4
1746,3
1747,3
1748,8
1749,11
1750,7
1751,3
1752,4
1753,12
1754,6
1755,2
1756,3
1757,0
1758,1
1759,12
1760,4
1761,10
1762,4
1763,4
1764,11
1765,11
1766,10
1767,4
1768,1
1769,2
1770,11
1771,10
1772,5
1773,11
1774,12
1775,4
1776,4
1777,4
1778,12
1779,10
1780,4
1781,9
1782,13
1783,7
1784,1
1785,7
1786,10
1787,4
1788,11
1789,4
1790,4
1791,8
1792,10
1793,7
1794,4
1795,8
1796,2
1797,10
1798,11
1799,5
1800,10
1801,3
1802,0
1803,10
1804,4
1805,10
1806,11
1807,11
1808,13
1809,11
1810,8
1811,13
1812,9
1813,13
1814,4
1815,3
1816,1
1817,11
1818,3
1819,3
1820,3
1821,0
1822,1
1823,3
1824,8
1825,10
1826,3
1827,13
1828,3
1829,3
1830,4
1831,8
1832,6
1833,4
1834,11
1835,3
1836,10
1837,4
1838,3
1839,0
1840,2
1841,4
1842,1
1843,1
1844,9
1845,9
1846,4
1847,7
1848,10
1849,13
1850,11
1851,13
1852,10
1853,3
1854,13
1855,11
1856,3
1857,11
1858,1
1859,10
1860,4
1861,1
1862,4
1863,10
1864,4
1865,3
1866,4
1867,4
1868,4
1869,12
1870,10
1871,13
1872,11
1873,10
1874,0
1875,8
1876,11
1877,13
1878,13
1879,2
1880,10
1881,10
1882,3
1883,4
1884,8
1885,13
1886,9
1887,6
1888,5
1889,9
1890,3
1891,13
1892,12
1893,6
1894,12
1895,6
1896,2
1897,2
1898,11
1899,4
1900,13
1901,4
1902,10
1903,11
1904,2
1905,3
1906,10
1907,1
1908,4
1909,10
1910,10
1911,6
1912,11
1913,13
1914,11
1915,10
1916,10
1917,10
1918,11
1919,13
1920,8
1921,4
1922,3
1923,6
1924,13
1925,11
1926,0
1927,3
1928,8
1929,12
1930,3
1931,10
1932,3
1933,7
1934,3
1935,3
1936,8
1937,9
1938,13
1939,10
1940,10
1941,10
1942,3
1943,1
1944,3
1945,4
1946,6
1947,6
1948,4
1949,12
1950,11
1951,4
1952,4
1953,11
1954,13
1955,10
1956,3
1957,11
1958,12
1959,5
1960,12
1961,4
1962,13
1963,11
1964,13
1965,3
1966,3
1967,10
1968,11
1969,5
1970,11
1971,10
1972,4
1973,8
1974,8
1975,0
1976,1
1977,8
1978,12
1979,12
1980,10
1981,12
1982,1
1983,9
1984,4
1985,11
1986,11
1987,11
1988,13
1989,10
1990,4
1991,13
1992,2
1993,9
1994,3
1995,2
1996,5
1997,8
1998,11
1999,4
2000,13
2001,13
2002,2
2003,9
2004,3
2005,12
2006,12
2007,9
2008,3
2009,10
2010,4
2011,12
2012,11
2013,8
2014,8
2015,13
2016,1
2017,4
2018,7
2019,3
2020,3
2021,4
2022,8
2023,12
2024,13
2025,13
2026,4
2027,4
2028,4
2029,8
2030,3
2031,10
2032,1
2033,11
2034,8
2035,12
2036,12
2037,9
2038,6
2039,4
2040,2
2041,3
2042,1
2043,10
2044,13
2045,12
2046,10
2047,11
2048,1
2049,4
2050,0
2051,11
2052,4
2053,9
2054,6
2055,8
2056,11
2057,4
2058,4
2059,12
2060,0
2061,13
2062,3
2063,9
2064,4
2065,13
2066,9
2067,10
2068,7
2069,7
2070,6
2071,11
2072,4
2073,13
2074,1
2075,12
2076,8
2077,11
2078,12
2079,7
2080,10
2081,1
2082,12
2083,11
2084,11
2085,3
2086,8
2087,4
2088,12
2089,1
2090,0
2091,10
2092,8
2093,10
2094,12
2095,10
2096,10
2097,3
2098,7
2099,8
2100,11
2101,12
2102,8
2103,11
2104,1
2105,13
2106,10
2107,8
2108,3
2109,4
2110,11
2111,13
2112,8
2113,5
2114,10
2115,3
2116,6
2117,8
2118,11
2119,10
2120,10
2121,6
2122,11
2123,2
2124,13
2125,11
2126,1
2127,10
2128,11
2129,13
2130,13
2131,1
2132,11
2133,4
2134,0
2135,6
2136,3
2137,11
2138,3
2139,10
2140,4
2141,10
2142,12
2143,3
2144,10
2145,6
2146,13
2147,3
2148,4
2149,1
2150,4
2151,4
2152,11
2153,10
2154,2
2155,9
2156,5
2157,1
2158,4
2159,2
2160,13
2161,0
2162,13
2163,13
2164,7
2165,8
2166,3
2167,12
2168,8
2169,13
2170,11
2171,8
2172,8
2173,4
2174,3
2175,3
2176,8
2177,10
2178,1
2179,11
2180,11
2181,4
2182,4
2183,11
2184,11
2185,8
2186,13
2187,4
2188,7
2189,8
2190,11
2191,1
2192,1
2193,10
2194,0
2195,11
2196,10
2197,7
2198,10
2199,11
2200,13
2201,0
2202,8
2203,2
2204,3
2205,4
2206,1
2207,3
2208,8
2209,12
2210,0
2211,10
2212,11
2213,4
2214,0
2215,3
2216,3
2217,0
2218,3
2219,4
2220,4
2221,4
2222,12
2223,9
2224,13
2225,11
2226,11
2227,3
2228,4
2229,9
2230,11
2231,1
2232,1
2233,4
2234,1
2235,10
2236,3
2237,11
2238,4
2239,12
2240,1
2241,1
2242,5
2243,3
2244,13
2245,2
2246,11
2247,2
2248,13
2249,13
2250,13
2251,13
2252,8
2253,11
2254,3
2255,0
2256,9
2257,0
2258,4
2259,11
2260,10
2261,10
2262,4
2263,10
2264,10
2265,3
2266,8
2267,4
2268,7
2269,0
2270,12
2271,4
2272,7
2273,4
2274,6
2275,7
2276,11
2277,12
2278,10
2279,1
2280,10
2281,12
2282,3
2283,9
2284,10
2285,7
2286,3
2287,4
2288,11
2289,12
2290,8
2291,8
2292,10
2293,3
2294,11
2295,3
2296,4
2297,3
2298,10
2299,13
2300,10
2301,8
2302,6
2303,9
2304,1
2305,4
2306,11
2307,8
2308,3
2309,8
2310,4
2311,11
2312,7
2313,11
2314,10
2315,6
2316,4
2317,11
2318,13
2319,8
2320,3
2321,10
2322,7
2323,10
2324,4
2325,8
2326,7
2327,10
2328,4
2329,11
2330,11
2331,13
2332,4
2333,13
2334,4
2335,13
2336,8
2337,7
2338,11
2339,0
2340,10
2341,11
2342,3
2343,10
2344,4
2345,11
2346,3
2347,7
2348,7
2349,13
2350,10
2351,4
2352,9
2353,13
2354,1
2355,4
2356,13
2357,8
2358,10
2359,4
2360,0
2361,0
2362,10
2363,11
2364,4
2365,4
2366,4
2367,9
2368,6
2369,5
2370,10
2371,8
2372,7
2373,1
2374,1
2375,4
2376,8
2377,2
2378,7
2379,13
2380,10
2381,3
2382,13
2383,0
2384,13
2385,10
2386,10
2387,10
2388,4
2389,12
2390,9
2391,3
2392,4
2393,3
2394,11
2395,10
2396,10
2397,7
2398,1
2399,4
2400,4
2401,13
2402,13
2403,13
2404,12
2405,10
2406,3
2407,8
2408,12
2409,11
2410,0
2411,11
2412,3
2413,12
2414,0
2415,4
2416,10
2417,6
2418,10
2419,4
2420,3
2421,4
2422,12
2423,12
2424,10
2425,8
2426,11
2427,13
2428,13
2429,3
2430,6
2431,7
2432,1
2433,1
2434,10
2435,10
2436,4
2437,11
2438,11
2439,8
2440,11
2441,4
2442,10
2443,13
2444,11
2445,11
2446,4
2447,3
2448,1
2449,10
2450,8
2451,10
2452,4
2453,4
2454,13
2455,3
2456,11
2457,9
2458,2
2459,10
2460,4
2461,3
2462,11
2463,4
2464,13
2465,10
2466,11
2467,10
2468,2
2469,12
2470,3
2471,4
2472,10
2473,8
2474,4
2475,10
2476,4
2477,11
2478,11
2479,13
2480,3
2481,4
2482,10
2483,8
2484,3
2485,11
2486,9
2487,4
2488,12
2489,11
2490,2
2491,10
2492,3
2493,12
2494,5
2495,13
2496,4
2497,3
2498,8
2499,11
2500,3
2501,3
2502,1
2503,10
2504,3
2505,6
2506,6
2507,13
2508,10
2509,1
2510,6
2511,4
2512,11
2513,11
2514,0
2515,11
2516,1
2517,8
2518,12
2519,3
2520,11
2521,4
2522,4
2523,1
2524,12
2525,4
2526,11
2527,4
2528,3
2529,11
2530,10
2531,13
2532,12
2533,4
2534,6
2535,13
2536,1
2537,8
2538,11
2539,8
2540,3
2541,5
2542,4
2543,1
2544,3
2545,4
2546,0
2547,8
2548,4
2549,4
2550,3
2551,11
2552,0
2553,10
2554,10
2555,3
2556,8
2557,1
2558,4
2559,11
2560,10
2561,8
2562,7
2563,10
2564,8
2565,3
2566,10
2567,13
2568,11
2569,11
2570,4
2571,13
2572,4
2573,11
2574,4
2575,12
2576,9
2577,4
2578,9
2579,9
2580,3
2581,6
2582,10
2583,1
2584,4
2585,2
2586,10
2587,9
2588,3
2589,11
2590,11
2591,3
2592,8
2593,10
2594,7
2595,13
2596,8
2597,4
2598,11
2599,3
2600,6
2601,1
2602,10
2603,12
2604,3
2605,11
2606,8
2607,11
2608,11
2609,11
2610,13
2611,10
2612,10
2613,10
2614,9
2615,13
2616,10
2617,10
2618,4
2619,10
2620,10
2621,4
2622,3
2623,4
2624,3
2625,4
2626,13
2627,8
2628,12
2629,0
2630,10
2631,1
2632,13
2633,9
2634,8
2635,10
2636,3
2637,4
2638,8
2639,9
2640,13
2641,3
2642,9
2643,3
2644,3
2645,3
2646,13
2647,12
2648,10
2649,10
2650,3
2651,10
2652,0
2653,12
2654,4
2655,3
2656,4
2657,3
2658,12
2659,10
2660,7
2661,10
2662,10
2663,11
2664,4
2665,7
2666,4
2667,11
2668,4
2669,0
2670,10
2671,1
2672,4
2673,5
2674,13
2675,4
2676,11
2677,11
2678,11
2679,11
2680,12
2681,7
2682,11
2683,1
2684,10
2685,10
2686,1
2687,3
2688,4
2689,10
2690,12
2691,9
2692,11
2693,13
2694,4
2695,11
2696,9
2697,12
2698,3
2699,13
2700,10
2701,13
2702,10
2703,3
2704,8
2705,10
2706,12
2707,3
2708,5
2709,10
2710,11
2711,13
2712,3
2713,10
2714,0
2715,13
2716,10
2717,10
2718,10
2719,4
2720,4
2721,3
2722,3
2723,9
2724,11
2725,9
2726,9
2727,4
2728,10
2729,8
2730,5
2731,9
2732,4
2733,4
2734,13
2735,10
2736,3
2737,1
2738,13
2739,11
2740,10
2741,10
2742,8
2743,12
2744,12
2745,11
2746,11
2747,9
2748,10
2749,13
2750,3
2751,11
2752,3
2753,11
2754,11
2755,13
2756,1
2757,4
2758,1
2759,10
2760,4
2761,8
2762,10
2763,8
2764,9
2765,11
2766,10
2767,8
2768,8
2769,9
2770,4
2771,3
2772,4
2773,8
2774,4
2775,9
2776,12
2777,12
2778,10
2779,4
2780,3
2781,11
2782,10
2783,3
2784,12
2785,10
2786,3
2787,10
2788,10
2789,11
2790,0
2791,7
2792,4
2793,4
2794,8
2795,7
2796,10
2797,4
2798,13
2799,11
2800,6
2801,0
2802,4
2803,4
2804,8
2805,11
2806,2
2807,11
2808,2
2809,13
2810,11
2811,4
2812,0
2813,13
2814,13
2815,0
2816,1
2817,3
2818,4
2819,12
2820,9
2821,6
2822,9
2823,3
2824,9
2825,10
2826,9
2827,12
2828,10
2829,10
2830,4
2831,6
2832,6
2833,11
2834,1
2835,10
2836,13
2837,5
2838,12
2839,13
2840,11
2841,11
2842,8
2843,10
2844,13
2845,7
2846,7
2847,9
2848,1
2849,4
2850,13
2851,1
2852,11
2853,13
2854,1
2855,4
2856,13
2857,8
2858,4
2859,0
2860,10
2861,7
2862,8
2863,3
2864,11
2865,5
2866,13
2867,7
2868,9
2869,12
2870,1
2871,4
2872,13
2873,8
2874,4
2875,3
2876,13
2877,4
2878,7
2879,4
2880,3
2881,11
2882,11
2883,1
2884,4
2885,9
2886,4
2887,1
2888,8
2889,3
2890,3
2891,3
2892,13
2893,4
2894,8
2895,3
2896,10
2897,5
2898,8
2899,4
2900,7
2901,13
2902,11
2903,9
2904,6
2905,5
2906,10
2907,3
2908,11
2909,12
2910,11
2911,11
2912,10
2913,12
2914,10
2915,4
2916,13
2917,11
2918,2
2919,10
2920,3
2921,4
2922,10
2923,7
2924,8
2925,0
2926,3
2927,3
2928,10
2929,11
2930,10
2931,13
2932,9
2933,3
2934,10
2935,6
2936,8
2937,1
2938,4
2939,11
2940,4
2941,3
2942,1
2943,13
2944,6
2945,8
2946,5
2947,3
2948,12
2949,0
2950,3
2951,4
2952,12
2953,10
2954,10
2955,11
2956,10
2957,6
2958,11
2959,12
2960,10
2961,4
2962,1
2963,13
2964,4
2965,12
2966,10
2967,4
2968,13
2969,11
2970,10
2971,4
2972,5
2973,9
2974,13
2975,5
2976,9
2977,8
2978,7
2979,3
2980,6
2981,10
2982,10
2983,11
2984,10
2985,10
2986,12
2987,3
2988,4
2989,11
2990,0
2991,1
2992,13
2993,11
2994,4
2995,2
2996,10
2997,4
2998,4
2999,10
3000,11
3001,7
3002,5
3003,4
3004,7
3005,12
3006,6
3007,8
3008,3
3009,11
3010,3
3011,12
3012,9
3013,10
3014,11
3015,11
3016,11
3017,0
3018,13
3019,8
3020,8
3021,1
3022,3
3023,11
3024,0
3025,11
3026,6
3027,1
3028,12
3029,3
3030,11
3031,11
3032,4
3033,10
3034,11
3035,11
3036,12
3037,1
3038,11
3039,4
3040,8
3041,3
3042,9
3043,9
3044,4
3045,1
3046,1
3047,3
3048,11
3049,4
3050,9
3051,9
3052,10
3053,12
3054,13
3055,12
3056,0
3057,2
3058,4
3059,2
3060,13
3061,0
3062,6
3063,11
3064,1
3065,1
3066,13
3067,7
3068,8
3069,6
3070,8
3071,8
3072,9
3073,7
3074,13
3075,3
3076,8
3077,3
3078,8
3079,11
3080,8
3081,4
3082,10
3083,2
3084,8
3085,6
3086,0
3087,0
3088,1
3089,11
3090,10
3091,4
3092,10
3093,10
3094,3
3095,4
3096,10
3097,12
3098,8
3099,9
3100,11
3101,3
3102,10
3103,13
3104,12
3105,6
3106,11
3107,12
3108,10
3109,10
3110,12
3111,10
3112,11
3113,0
3114,7
3115,11
3116,10
3117,0
3118,12
3119,11
3120,1
3121,9
3122,11
3123,11
3124,4
3125,4
3126,3
3127,4
3128,3
3129,11
3130,8
3131,12
3132,4
3133,3
3134,3
3135,4
3136,0
3137,3
3138,4
3139,11
3140,0
3141,3
3142,9
3143,10
3144,8
3145,11
3146,4
3147,10
3148,3
3149,12
3150,13
3151,1
3152,1
3153,4
3154,8
3155,0
3156,1
3157,10
3158,9
3159,10
3160,11
3161,8
3162,10
3163,11
3164,4
3165,7
3166,10
3167,8
3168,12
3169,11
3170,12
3171,6
3172,4
3173,11
3174,9
3175,4
3176,11
3177,9
3178,12
3179,1
3180,13
3181,12
3182,3
3183,3
3184,0
3185,11
3186,7
3187,0
3188,4
3189,10
3190,3
3191,12
3192,1
3193,13
3194,3
3195,12
3196,13
3197,8
3198,13
3199,8
3200,13
3201,13
3202,4
3203,3
3204,0
3205,4
3206,11
3207,4
3208,1
3209,1
3210,10
3211,11
3212,11
3213,8
3214,4
3215,4
3216,10
3217,0
3218,10
3219,3
3220,11
3221,3
3222,0
3223,4
3224,0
3225,10
3226,6
3227,3
3228,4
3229,9
3230,11
3231,1
3232,10
3233,11
3234,10
3235,1
3236,1
3237,1
3238,1
3239,3
3240,7
3241,5
3242,12
3243,3
3244,10
3245,4
3246,4
3247,12
3248,8
3249,7
3250,4
3251,7
3252,8
3253,13
3254,12
3255,13
3256,11
3257,11
3258,9
3259,11
3260,12
3261,4
3262,8
3263,4
3264,10
3265,10
3266,4
3267,11
3268,4
3269,6
3270,2
3271,6
3272,11
3273,9
3274,1
3275,12
3276,10
3277,11
3278,6
3279,6
3280,4
3281,0
3282,3
3283,10
3284,11
3285,13
3286,8
3287,4
3288,7
3289,12
3290,11
3291,13
3292,1
3293,7
3294,13
3295,12
3296,4
3297,11
3298,10
3299,5
3300,9
3301,4
3302,8
3303,9
3304,4
3305,2
3306,3
3307,13
3308,10
3309,10
3310,11
3311,11
3312,10
3313,13
3314,4
3315,4
3316,11
3317,7
3318,7
3319,6
3320,12
3321,4
3322,3
3323,11
3324,11
3325,11
3326,9
3327,2
3328,10
3329,3
3330,9
3331,13
3332,4
3333,10
3334,1
3335,10
3336,6
3337,4
3338,9
3339,11
3340,3
3341,9
3342,11
3343,11
3344,4
3345,0
3346,12
3347,1
3348,11
3349,4
3350,10
3351,1
3352,10
3353,0
3354,13
3355,3
3356,3
3357,9
3358,4
3359,4
3360,2
3361,4
3362,11
3363,6
3364,1
3365,7
3366,8
3367,3
3368,6
3369,11
3370,3
3371,11
3372,8
3373,3
3374,3
3375,9
3376,4
3377,6
3378,5
3379,5
3380,4
3381,6
3382,12
3383,10
3384,8
3385,1
3386,11
3387,13
3388,4
3389,2
3390,10
3391,8
3392,8
3393,4
3394,9
3395,12
3396,11
3397,11
3398,10
3399,4
3400,13
3401,4
3402,13
3403,8
3404,4
3405,10
3406,8
3407,10
3408,9
3409,5
3410,3
3411,10
3412,8
3413,3
3414,4
3415,9
3416,3
3417,13
3418,4
3419,11
3420,11
3421,4
3422,10
3423,4
3424,0
3425,10
3426,11
3427,3
3428,4
3429,10
3430,3
3431,1
3432,3
3433,13
3434,11
3435,0
3436,8
3437,10
3438,11
3439,7
3440,12
3441,10
3442,10
3443,7
3444,4
3445,5
3446,11
3447,10
3448,13
3449,6
3450,12
3451,5
3452,9
3453,3
3454,2
3455,10
3456,3
3457,13
3458,13
3459,11
3460,1
3461,7
3462,9
3463,4
3464,10
3465,5
3466,9
3467,3
3468,10
3469,8
3470,4
3471,10
3472,13
3473,6
3474,3
3475,9
3476,10
3477,4
3478,2
3479,11
3480,11
3481,3
3482,10
3483,10
3484,1
3485,11
3486,10
3487,1
3488,8
3489,4
3490,4
3491,13
3492,13
3493,8
3494,13
3495,10
3496,11
3497,9
3498,4
3499,3
3500,0
3501,13
3502,4
3503,13
3504,4
3505,4
3506,5
3507,3
3508,11
3509,10
3510,7
3511,1
3512,11
3513,10
3514,7
3515,13
3516,11
3517,5
3518,4
3519,10
3520,11
3521,3
3522,3
3523,8
3524,9
3525,11
3526,3
3527,6
3528,3
3529,10
3530,11
3531,11
3532,7
3533,10
3534,3
3535,10
3536,13
3537,10
3538,6
3539,8
3540,9
3541,13
3542,13
3543,8
3544,4
3545,1
3546,13
3547,13
3548,12
3549,10
3550,9
3551,2
3552,11
3553,10
3554,2
3555,5
3556,12
3557,9
3558,6
3559,13
3560,12
3561,13
3562,10
3563,7
3564,3
3565,11
3566,4
3567,4
3568,8
3569,11
3570,11
3571,4
3572,5
3573,10
3574,9
3575,4
3576,4
3577,0
3578,11
3579,0
3580,10
3581,10
3582,11
3583,13
3584,8
3585,1
3586,1
3587,3
3588,3
3589,4
3590,13
3591,8
3592,3
3593,2
3594,4
3595,10
3596,0
3597,1
3598,10
3599,9
3600,10
3601,4
3602,5
3603,10
3604,9
3605,1
3606,0
3607,13
3608,3
3609,10
3610,11
3611,3
3612,6
3613,2
3614,4
3615,4
3616,9
3617,3
3618,9
3619,8
3620,11
3621,7
3622,1
3623,1
3624,3
3625,10
3626,6
3627,10
3628,0
3629,10
3630,8
3631,10
3632,10
3633,10
3634,10
3635,10
3636,4
3637,11
3638,12
3639,13
3640,10
3641,4
3642,4
3643,8
3644,10
3645,12
3646,4
3647,3
3648,13
3649,10
3650,8
3651,11
3652,12
3653,9
3654,11
3655,9
3656,12
3657,8
3658,6
3659,4
3660,7
3661,9
3662,4
3663,8
3664,11
3665,11
3666,10
3667,6
3668,3
3669,4
3670,4
3671,3
3672,4
3673,13
3674,0
3675,11
3676,11
3677,4
3678,11
3679,13
3680,11
3681,11
3682,10
3683,10
3684,4
3685,11
3686,8
3687,5
3688,4
3689,7
3690,12
3691,8
3692,10
3693,4
3694,3
3695,10
3696,11
3697,6
3698,13
3699,4
3700,6
3701,3
3702,9
3703,12
3704,13
3705,13
3706,10
3707,12
3708,1
3709,9
3710,13
3711,13
3712,4
3713,12
3714,10
3715,10
3716,3
3717,10
3718,8
3719,10
3720,8
3721,4
3722,13
3723,4
3724,10
3725,1
3726,4
3727,13
3728,1
3729,3
3730,4
3731,8
3732,13
3733,6
3734,12
3735,1
3736,10
3737,11
3738,11
3739,12
3740,8
3741,11
3742,9
3743,4
3744,0
3745,10
3746,10
3747,0
3748,3
3749,4
3750,4
3751,11
3752,7
3753,12
3754,1
3755,12
3756,3
3757,12
3758,10
3759,3
3760,11
3761,4
3762,11
3763,4
3764,8
3765,8
3766,11
3767,8
3768,8
3769,13
3770,13
3771,9
3772,4
3773,13
3774,7
3775,10
3776,3
3777,2
3778,4
3779,11
3780,11
3781,9
3782,4
3783,4
3784,3
3785,12
3786,4
3787,13
3788,3
3789,11
3790,4
3791,6
3792,10
3793,10
3794,4
3795,10
3796,11
3797,11
3798,8
3799,4
3800,4
3801,4
3802,13
3803,3
3804,7
3805,11
3806,0
3807,1
3808,11
3809,4
3810,13
3811,12
3812,13
3813,10
3814,3
3815,7
3816,3
3817,7
3818,11
3819,10
3820,4
3821,10
3822,3
3823,1
3824,11
3825,3
3826,0
3827,3
3828,10
3829,3
3830,12
3831,10
3832,8
3833,11
3834,13
3835,4
3836,2
3837,12
3838,10
3839,10
3840,7
3841,0
3842,10
3843,6
3844,7
3845,10
3846,11
3847,5
3848,10
3849,11
3850,8
3851,4
3852,1
3853,11
3854,4
3855,10
3856,11
3857,8
3858,0
3859,12
3860,6
3861,6
3862,7
3863,13
3864,1
3865,12
3866,8
3867,3
3868,10
3869,4
3870,12
3871,1
3872,12
3873,4
3874,13
3875,7
3876,10
3877,13
3878,11
3879,10
3880,1
3881,8
3882,11
3883,1
3884,11
3885,0
3886,13
3887,4
3888,11
3889,11
3890,12
3891,1
3892,10
3893,11
3894,3
3895,8
3896,13
3897,10
3898,3
3899,12
3900,4
3901,3
3902,8
3903,6
3904,10
3905,9
3906,4
3907,12
3908,10
3909,3
3910,3
3911,3
3912,13
3913,4
3914,10
3915,4
3916,13
3917,6
3918,1
3919,10
3920,7
3921,11
3922,7
3923,12
3924,13
3925,3
3926,11
3927,4
3928,3
3929,3
3930,5
3931,0
3932,4
3933,10
3934,3
3935,13
3936,8
3937,12
3938,4
3939,4
3940,11
3941,11
3942,10
3943,10
3944,8
3945,6
3946,13
3947,1
3948,10
3949,13
3950,10
3951,7
3952,5
3953,8
3954,4
3955,6
3956,11
3957,8
3958,0
3959,12
3960,4
3961,2
3962,3
3963,11
3964,3
3965,7
3966,11
3967,11
3968,0
3969,9
3970,9
3971,3
3972,3
3973,13
3974,13
3975,11
3976,3
3977,12
3978,13
3979,4
3980,11
3981,1
3982,11
3983,11
3984,4
3985,3
3986,4
3987,0
3988,4
3989,12
3990,3
3991,11
3992,3
3993,4
3994,5
3995,11
3996,11
3997,11
3998,3
3999,11
4000,4
4001,1
4002,13
4003,4
4004,3
4005,0
4006,1
4007,4
4008,11
4009,9
4010,12
4011,10
4012,9
4013,4
4014,13
4015,3
4016,13
4017,10
4018,8
4019,8
4020,13
4021,3
4022,11
4023,1
4024,12
4025,11
4026,7
4027,8
4028,3
4029,9
4030,4
4031,13
4032,13
4033,3
4034,4
4035,10
4036,8
4037,1
4038,11
4039,0
4040,0
4041,11
4042,9
4043,11
4044,11
4045,3
4046,9
4047,4
4048,0
4049,3
4050,12
4051,1
4052,7
4053,10
4054,8
4055,8
4056,10
4057,8
4058,5
4059,10
4060,11
4061,12
4062,6
4063,10
4064,5
4065,10
4066,7
4067,4
4068,10
4069,9
4070,13
4071,7
4072,11
4073,13
4074,8
4075,10
4076,8
4077,11
4078,10
4079,4
4080,11
4081,13
4082,11
4083,8
4084,9
4085,10
4086,1
4087,6
4088,4
4089,12
4090,4
4091,10
4092,6
4093,8
4094,10
4095,11
4096,4
4097,11
4098,11
4099,1
4100,4
4101,8
4102,11
4103,0
4104,4
4105,13
4106,2
4107,8
4108,13
4109,3
4110,3
4111,11
4112,13
4113,6
4114,10
4115,7
4116,13
4117,13
4118,7
4119,4
4120,9
4121,4
4122,11
4123,13
4124,4
4125,4
4126,6
4127,3
4128,3
4129,4
4130,5
4131,7
4132,3
4133,9
4134,10
4135,7
4136,3
4137,1
4138,6
4139,10
4140,11
4141,1
4142,3
4143,4
4144,2
4145,3
4146,13
4147,13
4148,10
4149,4
4150,4
4151,4
4152,4
4153,8
4154,3
4155,0
4156,8
4157,3
4158,3
4159,10
4160,8
4161,4
4162,11
4163,7
4164,4
4165,3
4166,10
4167,7
4168,10
4169,10
4170,11
4171,7
4172,11
4173,3
4174,3
4175,13
4176,11
4177,13
4178,9
4179,11
4180,12
4181,10
4182,12
4183,3
4184,3
4185,4
4186,12
4187,6
4188,13
4189,11
4190,13
4191,10
4192,4
4193,4
4194,10
4195,0
4196,10
4197,12
4198,11
4199,13
4200,10
4201,10
4202,1
4203,0
4204,9
4205,7
4206,6
4207,9
4208,13
4209,1
4210,11
4211,0
4212,8
4213,10
4214,12
4215,11
4216,10
4217,11
4218,11
4219,3
4220,1
4221,12
4222,7
4223,3
4224,10
4225,8
4226,2
4227,12
4228,12
4229,12
4230,5
4231,3
4232,8
4233,11
4234,4
4235,11
4236,1
4237,13
4238,3
4239,9
4240,10
4241,1
4242,11
4243,4
4244,10
4245,1
4246,4
4247,3
4248,3
4249,6
4250,0
4251,1
4252,4
4253,0
4254,11
4255,10
4256,4
4257,1
4258,9
4259,4
4260,4
4261,11
4262,8
4263,11
4264,5
4265,4
4266,7
4267,3
4268,3
4269,4
4270,11
4271,10
4272,1
4273,4
4274,4
4275,13
4276,11
4277,3
4278,11
4279,3
4280,7
4281,3
4282,11
4283,3
4284,13
4285,3
4286,12
4287,13
4288,12
4289,11
4290,4
4291,10
4292,3
4293,4
4294,4
4295,10
4296,13
4297,4
4298,4
4299,13
4300,4
4301,8
4302,3
4303,12
4304,11
4305,10
4306,4
4307,9
4308,12
4309,12
4310,9
4311,12
4312,9
4313,7
4314,8
4315,11
4316,10
4317,3
4318,4
4319,10
4320,13
4321,11
4322,3
4323,11
4324,4
4325,11
4326,8
4327,4
4328,11
4329,8
4330,11
4331,13
4332,1
4333,8
4334,1
4335,1
4336,9
4337,2
4338,4
4339,1
4340,3
4341,11
4342,1
4343,13
4344,3
4345,11
4346,4
4347,4
4348,5
4349,12
4350,1
4351,7
4352,8
4353,4
4354,1
4355,9
4356,3
4357,11
4358,3
4359,7
4360,0
4361,13
4362,13
4363,10
4364,10
4365,10
4366,5
4367,11
4368,4
4369,10
4370,6
4371,10
4372,8
4373,4
4374,1
4375,4
4376,3
4377,0
4378,7
4379,3
4380,11
4381,12
4382,8
4383,10
4384,12
4385,4
4386,13
4387,0
4388,4
4389,4
4390,3
4391,9
4392,13
4393,10
4394,8
4395,8
4396,8
4397,2
4398,11
4399,9
4400,8
4401,12
4402,5
4403,11
4404,8
4405,6
4406,13
4407,5
4408,13
4409,4
4410,13
4411,12
4412,13
4413,3
4414,0
4415,12
4416,11
4417,8
4418,4
4419,10
4420,9
4421,4
4422,6
4423,11
4424,2
4425,11
4426,11
4427,13
4428,4
4429,10
4430,4
4431,4
4432,7
4433,4
4434,10
4435,0
4436,11
4437,7
4438,11
4439,10
4440,2
4441,11
4442,12
4443,11
4444,10
4445,5
4446,8
4447,10
4448,10
4449,6
4450,9
4451,9
4452,3
4453,11
4454,12
4455,3
4456,4
4457,7
4458,4
4459,4
4460,10
4461,1
4462,9
4463,12
4464,13
4465,10
4466,1
4467,11
4468,8
4469,3
4470,12
4471,10
